order_id,customer_id,product_id,order_date,quantity
5001,1491,214,2026-05-18,3
5002,1088,202,2025-03-11,1
5003,1083,211,2026-05-12,2
5004,1011,213,2026-05-26,5
5005,1015,215,2025-10-14,1
5006,1396,214,2025-11-06,2
5007,1262,219,2025-11-25,2
5008,1121,218,2026-06-03,1
5009,1413,212,2025-06-06,4
5010,1480,207,2026-02-27,1
5011,1412,215,2025-12-15,3
5012,1339,219,2026-03-12,5
5013,1486,204,2026-03-17,1
5014,1422,209,2025-12-15,1
5015,1285,220,2026-05-12,2
5016,1228,208,2025-11-26,4
5017,1177,211,2024-10-10,1
5018,1412,210,2025-12-06,4
5019,1291,211,2026-05-27,2
5020,1226,208,2026-03-22,2
5021,1451,206,2026-05-14,2
5022,1344,212,2025-11-27,3
5023,1341,219,2025-10-22,4
5024,1418,204,2025-04-26,1
5025,1212,220,2026-05-09,3
5026,1188,215,2026-01-11,5
5027,1117,204,2025-07-31,2
5028,1440,202,2025-12-02,3
5029,1234,201,2025-07-25,2
5030,1024,211,2026-05-08,1
5031,1466,215,2026-04-20,2
5032,1332,208,2026-03-07,5
5033,1127,206,2025-09-24,3
5034,1145,214,2026-04-27,3
5035,1147,210,2026-05-23,2
5036,1406,205,2026-06-04,2
5037,1139,206,2026-05-13,1
5038,1180,213,2026-04-17,5
5039,1482,210,2026-03-14,2
5040,1400,219,2025-12-29,2
5041,1429,216,2026-02-20,1
5042,1019,217,2025-11-04,2
5043,1239,202,2025-05-14,5
5044,1201,214,2026-04-30,5
5045,1483,207,2026-05-14,4
5046,1057,204,2026-03-31,5
5047,1125,216,2025-08-08,1
5048,1024,217,2026-06-03,3
5049,1066,208,2026-05-13,5
5050,1018,209,2026-05-12,5
5051,1358,202,2026-04-09,4
5052,1344,212,2025-11-22,4
5053,1381,216,2025-08-25,4
5054,1225,217,2025-11-10,5
5055,1103,203,2026-04-11,3
5056,1095,218,2025-06-15,5
5057,1029,203,2025-10-20,1
5058,1109,202,2025-04-30,4
5059,1359,209,2026-01-19,5
5060,1166,215,2025-12-08,1
5061,1350,210,2025-06-18,1
5062,1283,209,2026-04-15,4
5063,1260,219,2026-01-03,4
5064,1240,218,2025-08-29,3
5065,1005,207,2025-09-28,3
5066,1484,220,2026-05-28,5
5067,1278,218,2025-08-18,3
5068,1478,205,2026-05-07,2
5069,1427,211,2024-12-04,4
5070,1303,213,2026-02-07,3
5071,1338,217,2026-03-11,3
5072,1155,213,2026-03-25,1
5073,1162,210,2026-03-25,3
5074,1385,220,2026-05-26,4
5075,1385,207,2026-04-07,2
5076,1285,217,2026-03-30,5
5077,1324,220,2026-01-09,3
5078,1210,208,2026-03-27,3
5079,1249,204,2026-04-27,5
5080,1498,212,2026-04-10,1
5081,1440,209,2026-03-27,1
5082,1202,202,2026-05-21,1
5083,1235,213,2025-05-06,4
5084,1496,208,2025-12-05,1
5085,1264,219,2026-04-25,2
5086,1061,203,2025-11-28,3
5087,1065,207,2025-09-25,1
5088,1236,218,2026-01-18,1
5089,1394,202,2026-03-16,2
5090,1486,201,2026-05-23,3
5091,1150,218,2026-05-31,1
5092,1070,207,2026-05-02,2
5093,1492,207,2026-03-15,1
5094,1478,203,2026-05-05,1
5095,1154,206,2026-06-01,3
5096,1303,205,2025-11-25,4
5097,1327,208,2025-02-28,3
5098,1327,208,2024-12-02,1
5099,1271,215,2025-07-02,3
5100,1300,213,2025-12-21,1
5101,1131,213,2025-03-06,3
5102,1107,206,2025-12-06,3
5103,1239,209,2026-03-08,5
5104,1373,219,2026-03-11,3
5105,1031,218,2025-07-27,4
5106,1491,216,2026-06-03,4
5107,1216,201,2026-02-17,5
5108,1421,217,2025-02-23,3
5109,1281,216,2026-02-27,3
5110,1309,215,2024-12-08,4
5111,1110,202,2025-11-27,3
5112,1314,207,2026-05-17,3
5113,1206,206,2026-01-21,1
5114,1113,201,2026-06-04,4
5115,1035,212,2026-04-02,3
5116,1307,212,2026-05-31,4
5117,1399,213,2025-12-12,4
5118,1448,211,2026-05-19,4
5119,1147,214,2026-03-31,3
5120,1462,206,2026-01-17,2
5121,1221,220,2026-06-02,5
5122,1434,203,2025-12-19,5
5123,1246,212,2026-04-13,5
5124,1090,206,2026-04-21,3
5125,1128,220,2026-03-12,5
5126,1344,216,2025-09-16,5
5127,1054,216,2025-11-17,3
5128,1152,209,2026-05-09,5
5129,1493,202,2025-07-22,5
5130,1320,220,2026-04-20,2
5131,1482,206,2025-10-15,4
5132,1273,216,2026-05-22,2
5133,1177,210,2025-08-12,1
5134,1249,214,2026-05-04,2
5135,1184,218,2026-05-17,1
5136,1343,220,2026-04-29,5
5137,1104,210,2025-09-09,5
5138,1099,220,2026-02-02,2
5139,1193,216,2024-06-20,5
5140,1254,202,2025-10-10,1
5141,1094,218,2025-12-23,3
5142,1198,214,2025-08-28,4
5143,1005,213,2025-10-11,1
5144,1169,220,2026-04-28,5
5145,1474,219,2025-11-10,1
5146,1275,205,2026-03-19,5
5147,1443,206,2025-03-10,2
5148,1188,220,2026-02-01,4
5149,1235,206,2025-04-21,5
5150,1476,205,2026-05-21,5
5151,1070,201,2026-03-27,5
5152,1146,217,2026-02-07,5
5153,1375,220,2026-02-26,1
5154,1142,214,2026-05-10,1
5155,1281,217,2026-06-04,3
5156,1167,207,2026-05-25,2
5157,1192,203,2026-04-11,3
5158,1245,214,2026-04-12,3
5159,1428,203,2025-08-11,3
5160,1126,211,2025-06-30,4
5161,1407,203,2024-11-08,2
5162,1390,207,2025-08-17,5
5163,1367,218,2026-05-22,4
5164,1030,220,2025-11-06,1
5165,1043,208,2025-09-23,1
5166,1220,217,2025-11-22,2
5167,1004,213,2025-08-23,3
5168,1260,205,2026-03-25,1
5169,1374,204,2026-02-16,1
5170,1347,212,2026-04-30,3
5171,1440,210,2025-08-21,5
5172,1038,208,2026-01-06,5
5173,1292,213,2026-04-05,2
5174,1096,217,2025-09-25,4
5175,1083,211,2026-04-26,2
5176,1048,204,2026-02-06,4
5177,1231,216,2025-10-22,3
5178,1456,216,2026-04-24,3
5179,1089,212,2025-11-25,3
5180,1197,212,2026-05-24,5
5181,1289,212,2025-12-10,4
5182,1037,202,2026-03-07,3
5183,1179,219,2026-03-29,2
5184,1323,208,2026-05-18,1
5185,1304,215,2026-02-26,5
5186,1320,212,2026-05-19,3
5187,1448,214,2026-02-24,4
5188,1240,207,2025-12-30,4
5189,1272,220,2026-01-30,4
5190,1083,217,2026-01-04,2
5191,1142,219,2025-05-25,5
5192,1305,215,2026-01-13,1
5193,1085,209,2026-01-11,1
5194,1097,218,2025-08-08,2
5195,1426,211,2026-04-21,3
5196,1065,209,2026-02-05,5
5197,1083,205,2026-05-29,4
5198,1106,204,2026-04-26,1
5199,1172,219,2026-04-27,5
5200,1099,207,2026-01-13,5
5201,1456,216,2026-05-09,4
5202,1081,218,2026-04-25,3
5203,1115,204,2026-05-14,1
5204,1392,205,2025-07-13,4
5205,1023,215,2025-10-02,4
5206,1302,210,2025-11-07,4
5207,1129,206,2026-03-14,4
5208,1493,204,2026-03-28,2
5209,1017,212,2025-06-27,4
5210,1141,202,2024-08-19,2
5211,1018,211,2026-04-18,2
5212,1316,215,2026-01-13,2
5213,1443,211,2025-05-06,5
5214,1096,205,2025-12-08,3
5215,1388,215,2026-05-17,1
5216,1186,212,2026-04-15,4
5217,1137,204,2026-01-23,4
5218,1498,214,2024-12-20,4
5219,1423,218,2026-05-17,3
5220,1481,216,2026-05-31,2
5221,1037,207,2024-12-20,3
5222,1347,206,2026-05-27,3
5223,1308,206,2026-02-08,5
5224,1359,203,2026-05-08,1
5225,1440,207,2026-01-03,1
5226,1241,218,2025-11-16,4
5227,1393,203,2026-05-24,3
5228,1228,203,2026-02-15,4
5229,1120,210,2026-05-18,5
5230,1388,209,2026-03-30,5
5231,1215,208,2026-01-17,4
5232,1059,219,2025-05-31,5
5233,1182,215,2026-05-01,2
5234,1172,203,2026-06-04,4
5235,1408,207,2026-01-20,1
5236,1065,208,2025-11-19,3
5237,1460,206,2026-05-06,2
5238,1396,205,2026-04-03,4
5239,1032,215,2025-11-13,4
5240,1013,214,2026-02-14,1
5241,1468,205,2025-11-01,1
5242,1262,213,2025-01-28,2
5243,1136,202,2025-12-10,4
5244,1028,213,2026-05-14,2
5245,1376,219,2026-05-31,5
5246,1183,212,2026-01-14,2
5247,1362,212,2025-08-11,4
5248,1324,217,2026-03-15,2
5249,1281,208,2026-03-22,3
5250,1480,212,2026-04-27,4
5251,1202,216,2026-05-18,5
5252,1302,203,2025-10-06,3
5253,1074,202,2026-04-10,1
5254,1086,209,2026-03-05,3
5255,1350,206,2025-06-16,3
5256,1031,206,2025-10-08,1
5257,1276,219,2026-01-18,4
5258,1365,205,2026-04-17,3
5259,1385,218,2026-03-09,5
5260,1043,216,2025-05-20,4
5261,1016,209,2025-01-20,4
5262,1090,218,2025-09-21,1
5263,1046,202,2026-03-18,1
5264,1100,204,2025-12-25,5
5265,1418,213,2025-09-02,5
5266,1113,204,2026-04-30,3
5267,1329,218,2025-03-03,5
5268,1137,206,2026-01-17,3
5269,1139,218,2026-05-25,5
5270,1332,214,2025-11-20,3
5271,1307,218,2025-06-02,2
5272,1054,207,2025-12-27,4
5273,1436,205,2026-05-31,5
5274,1101,204,2026-01-12,3
5275,1142,205,2026-01-05,1
5276,1060,219,2026-01-28,5
5277,1328,202,2026-01-31,2
5278,1299,217,2025-03-04,4
5279,1289,202,2025-06-27,3
5280,1447,219,2025-10-03,4
5281,1325,215,2026-03-09,5
5282,1024,211,2026-05-28,3
5283,1048,202,2025-12-13,1
5284,1234,211,2025-06-08,5
5285,1195,204,2026-05-20,5
5286,1458,208,2025-01-19,2
5287,1333,208,2026-04-10,2
5288,1177,217,2026-04-06,4
5289,1216,219,2025-05-31,1
5290,1266,208,2026-05-22,2
5291,1016,215,2025-06-09,2
5292,1311,216,2024-12-23,5
5293,1113,211,2026-05-02,5
5294,1445,218,2026-03-20,4
5295,1118,208,2026-03-03,5
5296,1081,209,2026-05-08,3
5297,1192,215,2026-05-24,1
5298,1279,210,2025-08-16,5
5299,1390,206,2025-09-04,5
5300,1421,214,2024-08-14,4
5301,1333,207,2026-04-20,3
5302,1021,201,2026-05-11,4
5303,1247,215,2026-02-08,5
5304,1055,202,2026-04-26,2
5305,1383,217,2026-05-06,1
5306,1241,216,2025-07-09,4
5307,1458,208,2025-08-10,5
5308,1006,209,2025-03-27,1
5309,1142,210,2025-08-03,3
5310,1468,219,2025-09-29,3
5311,1388,208,2026-06-01,2
5312,1274,219,2026-01-22,3
5313,1328,218,2026-02-27,1
5314,1225,207,2026-02-03,3
5315,1482,203,2025-01-25,4
5316,1041,209,2026-03-24,1
5317,1076,217,2026-05-27,2
5318,1484,210,2026-05-27,5
5319,1271,203,2025-02-27,5
5320,1363,208,2026-04-19,3
5321,1226,217,2026-05-17,2
5322,1322,216,2026-02-19,3
5323,1194,202,2026-05-14,4
5324,1355,212,2025-12-04,5
5325,1296,212,2026-06-02,5
5326,1190,210,2024-11-28,3
5327,1081,217,2025-11-27,2
5328,1470,206,2026-03-07,2
5329,1307,215,2026-02-27,1
5330,1249,211,2026-05-17,4
5331,1008,213,2026-03-28,3
5332,1127,214,2025-04-17,3
5333,1012,214,2026-03-08,4
5334,1028,216,2025-12-21,3
5335,1189,218,2025-04-29,4
5336,1440,216,2026-03-04,2
5337,1240,211,2025-09-15,4
5338,1486,205,2026-05-03,5
5339,1383,216,2026-04-29,5
5340,1366,220,2025-05-26,4
5341,1394,218,2026-05-13,4
5342,1148,218,2026-04-12,1
5343,1274,214,2026-01-21,5
5344,1178,215,2026-03-28,4
5345,1074,209,2026-04-09,5
5346,1402,220,2026-01-06,1
5347,1030,207,2025-12-30,1
5348,1170,207,2026-03-15,4
5349,1179,210,2026-01-07,4
5350,1435,208,2024-10-05,1
5351,1274,217,2026-04-09,4
5352,1125,209,2025-06-28,4
5353,1088,215,2025-05-08,1
5354,1105,218,2024-11-27,5
5355,1435,214,2026-02-23,3
5356,1125,214,2025-11-02,4
5357,1490,217,2026-06-02,1
5358,1477,219,2026-01-14,4
5359,1101,201,2026-05-18,2
5360,1062,216,2026-03-18,2
5361,1352,208,2026-03-29,4
5362,1021,209,2025-04-06,5
5363,1199,213,2026-03-26,2
5364,1214,214,2026-05-24,4
5365,1179,208,2026-01-12,3
5366,1182,209,2026-03-01,2
5367,1315,207,2026-04-05,3
5368,1134,203,2026-02-05,2
5369,1178,202,2026-05-20,4
5370,1433,208,2026-05-18,5
5371,1153,203,2025-03-11,5
5372,1149,212,2025-09-15,3
5373,1333,201,2026-05-22,3
5374,1144,214,2025-02-03,1
5375,1453,208,2025-12-17,3
5376,1215,209,2025-07-23,1
5377,1345,204,2025-05-06,1
5378,1316,214,2025-08-19,3
5379,1059,201,2026-05-29,1
5380,1462,207,2026-05-20,4
5381,1078,217,2025-12-03,1
5382,1354,213,2025-10-30,4
5383,1161,204,2024-11-29,3
5384,1253,211,2026-01-11,1
5385,1065,206,2025-09-16,3
5386,1457,213,2026-04-03,3
5387,1355,207,2026-05-08,3
5388,1043,220,2025-03-07,4
5389,1233,212,2026-04-12,2
5390,1252,206,2025-12-11,3
5391,1414,217,2026-02-12,4
5392,1310,211,2026-05-01,5
5393,1136,201,2026-05-31,4
5394,1184,202,2026-05-24,3
5395,1384,203,2025-11-04,4
5396,1094,215,2026-02-08,4
5397,1436,203,2026-06-03,3
5398,1012,202,2025-07-24,3
5399,1099,201,2025-06-15,4
5400,1214,218,2026-05-29,1
5401,1353,206,2025-10-26,5
5402,1346,205,2025-03-21,4
5403,1227,204,2026-05-18,4
5404,1381,219,2025-12-27,2
5405,1360,202,2026-03-22,1
5406,1442,214,2026-01-21,3
5407,1099,213,2025-06-02,5
5408,1435,220,2024-09-13,4
5409,1290,202,2026-05-28,4
5410,1070,219,2026-05-02,1
5411,1438,217,2025-07-19,2
5412,1460,219,2026-05-16,1
5413,1361,211,2025-07-08,5
5414,1085,205,2026-04-30,1
5415,1434,203,2026-02-21,2
5416,1482,210,2025-09-24,2
5417,1216,207,2024-06-19,2
5418,1276,219,2026-01-25,2
5419,1480,212,2026-03-03,1
5420,1224,211,2026-05-10,3
5421,1479,220,2026-05-05,1
5422,1350,215,2024-12-10,2
5423,1177,220,2025-01-28,5
5424,1400,205,2025-12-30,3
5425,1433,206,2026-04-21,4
5426,1491,208,2026-04-06,1
5427,1190,220,2025-03-29,3
5428,1018,213,2026-05-16,2
5429,1120,201,2025-05-29,5
5430,1383,213,2026-05-28,4
5431,1292,218,2026-04-30,5
5432,1219,212,2025-03-23,1
5433,1129,220,2026-04-19,5
5434,1347,213,2025-04-20,3
5435,1094,205,2026-03-21,2
5436,1035,205,2026-05-18,4
5437,1397,215,2026-04-29,2
5438,1263,210,2026-05-26,2
5439,1267,212,2025-09-10,3
5440,1350,205,2026-04-05,5
5441,1118,208,2026-01-22,5
5442,1007,203,2025-11-10,2
5443,1171,209,2025-01-11,3
5444,1284,208,2026-02-21,3
5445,1430,218,2026-05-18,1
5446,1286,216,2026-01-17,2
5447,1476,215,2026-04-25,5
5448,1016,201,2025-05-03,4
5449,1379,219,2026-03-14,1
5450,1134,204,2026-05-03,5
5451,1067,215,2025-06-03,3
5452,1444,210,2026-05-26,2
5453,1323,220,2026-04-22,3
5454,1160,218,2025-06-17,5
5455,1001,219,2026-06-03,5
5456,1450,209,2026-03-18,5
5457,1318,219,2025-12-20,3
5458,1022,204,2026-03-01,5
5459,1312,218,2025-12-19,1
5460,1447,201,2026-01-21,1
5461,1082,205,2026-01-23,2
5462,1248,219,2026-04-28,3
5463,1464,213,2026-05-13,3
5464,1398,219,2025-10-08,3
5465,1171,220,2026-05-10,3
5466,1034,204,2025-12-13,1
5467,1489,201,2025-08-30,5
5468,1316,211,2025-05-23,1
5469,1327,217,2025-03-01,4
5470,1353,212,2025-09-02,3
5471,1335,218,2025-10-03,3
5472,1379,209,2026-04-21,1
5473,1108,213,2026-06-02,1
5474,1188,204,2026-04-07,1
5475,1317,213,2025-10-22,2
5476,1055,216,2026-06-04,4
5477,1421,211,2026-05-06,2
5478,1086,203,2026-05-13,3
5479,1264,211,2026-03-03,4
5480,1224,206,2024-12-21,5
5481,1336,202,2026-01-18,4
5482,1031,205,2026-05-07,5
5483,1041,220,2025-11-02,3
5484,1309,212,2024-12-19,2
5485,1101,211,2026-05-18,3
5486,1148,209,2026-03-11,2
5487,1119,210,2025-06-18,2
5488,1398,213,2025-01-27,1
5489,1301,216,2025-08-13,3
5490,1032,205,2025-06-03,4
5491,1498,219,2026-01-01,3
5492,1097,219,2025-08-17,5
5493,1106,208,2026-03-29,2
5494,1103,204,2025-10-26,3
5495,1151,205,2025-07-16,1
5496,1247,212,2025-08-09,4
5497,1279,210,2025-12-29,5
5498,1384,212,2025-05-26,2
5499,1421,203,2025-06-03,4
5500,1366,208,2025-09-03,4
5501,1198,211,2025-06-21,1
5502,1126,215,2025-02-17,1
5503,1030,215,2025-02-17,5
5504,1315,211,2025-08-12,3
5505,1277,202,2025-10-05,1
5506,1089,201,2025-11-23,3
5507,1121,219,2025-10-02,5
5508,1212,214,2026-03-27,2
5509,1045,203,2025-06-08,2
5510,1061,218,2025-04-26,2
5511,1498,201,2026-03-26,1
5512,1110,207,2025-08-16,4
5513,1204,220,2025-06-01,1
5514,1009,205,2026-01-07,2
5515,1196,212,2026-03-19,5
5516,1359,220,2026-01-14,4
5517,1472,205,2026-01-16,5
5518,1132,214,2026-04-05,5
5519,1394,206,2025-06-29,3
5520,1226,214,2026-05-03,4
5521,1335,213,2026-05-13,3
5522,1290,216,2026-03-27,5
5523,1337,203,2026-06-04,1
5524,1234,213,2024-11-06,1
5525,1277,206,2025-09-09,5
5526,1378,209,2026-06-03,3
5527,1274,207,2026-01-06,2
5528,1473,213,2026-03-04,3
5529,1187,202,2026-05-24,4
5530,1069,201,2026-01-17,3
5531,1373,220,2026-04-28,5
5532,1147,213,2026-03-16,4
5533,1074,204,2026-05-25,5
5534,1364,205,2026-05-10,2
5535,1089,201,2026-01-26,4
5536,1285,202,2026-03-25,2
5537,1085,218,2026-01-31,2
5538,1442,202,2026-03-06,5
5539,1430,204,2026-05-17,3
5540,1244,218,2026-06-01,4
5541,1472,209,2024-08-27,1
5542,1105,205,2025-04-23,1
5543,1440,212,2025-05-17,2
5544,1313,202,2025-12-22,3
5545,1105,220,2024-12-27,3
5546,1250,205,2026-02-18,5
5547,1113,210,2026-05-04,2
5548,1065,208,2025-10-03,3
5549,1351,217,2026-05-27,3
5550,1035,201,2026-04-26,4
5551,1415,217,2026-04-11,1
5552,1043,214,2026-01-23,3
5553,1309,220,2026-01-04,1
5554,1460,210,2026-05-20,5
5555,1189,217,2025-12-14,5
5556,1223,217,2025-06-22,5
5557,1279,210,2025-09-20,5
5558,1350,211,2024-08-28,3
5559,1318,211,2026-05-03,4
5560,1377,219,2024-11-03,2
5561,1111,209,2024-07-27,4
5562,1236,204,2026-03-29,1
5563,1190,210,2026-03-06,4
5564,1210,204,2024-09-02,5
5565,1108,212,2026-05-23,4
5566,1003,211,2025-04-15,3
5567,1408,203,2026-01-21,4
5568,1338,206,2025-08-10,3
5569,1368,214,2026-05-21,5
5570,1346,210,2026-03-09,2
5571,1221,207,2026-04-16,3
5572,1316,209,2026-03-15,4
5573,1047,215,2026-04-22,1
5574,1260,210,2025-11-21,1
5575,1384,216,2025-02-05,4
5576,1254,218,2026-02-22,4
5577,1418,217,2026-04-30,4
5578,1052,206,2026-01-31,2
5579,1474,219,2025-11-29,1
5580,1330,217,2026-05-27,1
5581,1448,204,2026-03-13,2
5582,1003,206,2025-10-07,4
5583,1045,206,2024-11-30,1
5584,1002,214,2025-07-23,5
5585,1314,208,2026-05-03,3
5586,1051,220,2025-09-01,3
5587,1302,217,2026-02-26,4
5588,1299,216,2025-06-30,1
5589,1325,220,2026-02-21,5
5590,1337,220,2026-06-03,2
5591,1270,208,2025-09-19,2
5592,1291,206,2026-02-28,4
5593,1239,210,2026-05-10,5
5594,1129,205,2026-04-18,4
5595,1145,210,2025-12-26,4
5596,1180,212,2026-05-05,5
5597,1496,207,2025-07-30,3
5598,1085,218,2026-02-07,1
5599,1398,204,2024-11-27,4
5600,1330,206,2026-05-22,1
5601,1105,219,2026-04-10,3
5602,1133,211,2026-05-02,3
5603,1403,218,2025-09-28,5
5604,1218,215,2026-06-01,2
5605,1154,202,2026-01-05,1
5606,1484,207,2026-06-02,4
5607,1299,212,2026-05-30,5
5608,1390,210,2025-12-09,3
5609,1266,215,2026-06-04,1
5610,1427,217,2025-02-25,2
5611,1426,207,2026-05-15,4
5612,1002,218,2025-08-23,3
5613,1430,211,2026-05-10,1
5614,1453,208,2026-05-01,3
5615,1344,215,2025-11-02,5
5616,1286,207,2026-02-24,2
5617,1323,215,2026-04-27,1
5618,1119,203,2025-01-09,5
5619,1215,202,2026-04-10,2
5620,1204,209,2025-10-10,5
5621,1466,218,2025-09-01,1
5622,1452,203,2025-08-13,2
5623,1440,216,2026-04-24,3
5624,1109,215,2024-12-22,3
5625,1067,206,2025-05-17,1
5626,1414,209,2025-03-01,5
5627,1225,202,2026-03-17,3
5628,1410,205,2026-05-23,4
5629,1295,201,2025-06-02,5
5630,1193,204,2025-09-07,4
5631,1359,208,2025-12-11,2
5632,1446,208,2025-09-24,5
5633,1432,220,2024-12-01,3
5634,1185,217,2026-04-14,4
5635,1322,203,2026-03-26,4
5636,1490,210,2026-04-29,3
5637,1327,216,2025-02-27,3
5638,1033,213,2026-03-07,3
5639,1404,211,2026-04-07,1
5640,1011,205,2026-06-01,4
5641,1099,220,2024-11-06,3
5642,1384,212,2025-09-13,1
5643,1328,220,2025-09-29,3
5644,1257,203,2026-01-10,1
5645,1450,211,2026-02-24,4
5646,1382,220,2026-01-19,5
5647,1121,209,2025-03-11,1
5648,1322,204,2026-03-27,4
5649,1351,214,2026-05-11,3
5650,1186,205,2026-04-25,3
5651,1441,201,2025-11-01,1
5652,1022,202,2025-12-10,5
5653,1486,202,2026-05-01,3
5654,1237,208,2026-04-01,3
5655,1456,202,2026-01-25,3
5656,1362,220,2025-04-10,5
5657,1422,211,2026-01-17,1
5658,1409,208,2025-12-24,5
5659,1482,202,2025-09-20,5
5660,1310,213,2026-05-09,2
5661,1347,215,2026-02-21,5
5662,1141,218,2024-09-16,2
5663,1048,207,2025-12-03,3
5664,1095,208,2025-12-03,5
5665,1237,220,2026-04-14,3
5666,1184,210,2026-05-18,5
5667,1383,219,2026-04-06,2
5668,1389,219,2025-07-25,2
5669,1449,210,2026-06-02,5
5670,1499,203,2026-03-20,1
5671,1454,211,2025-05-28,3
5672,1322,213,2026-04-29,1
5673,1244,208,2026-05-29,2
5674,1465,203,2026-05-12,3
5675,1123,220,2026-05-04,3
5676,1377,217,2025-08-09,5
5677,1297,215,2026-05-23,5
5678,1452,203,2025-09-27,3
5679,1262,213,2026-03-10,1
5680,1453,217,2025-12-07,3
5681,1335,214,2025-11-10,4
5682,1252,203,2025-08-02,2
5683,1301,220,2026-01-15,2
5684,1216,220,2026-03-05,5
5685,1004,206,2025-08-02,4
5686,1107,208,2026-02-10,4
5687,1399,220,2026-03-28,5
5688,1069,217,2026-04-08,4
5689,1184,204,2026-05-25,2
5690,1173,214,2026-05-24,4
5691,1452,204,2025-07-28,4
5692,1390,204,2026-03-29,2
5693,1091,202,2026-05-28,1
5694,1221,218,2026-05-10,1
5695,1385,214,2026-03-17,1
5696,1143,212,2025-10-01,1
5697,1037,213,2025-07-03,1
5698,1103,204,2026-03-20,3
5699,1294,208,2025-09-09,3
5700,1123,210,2026-05-22,2
5701,1019,215,2025-11-09,4
5702,1155,203,2026-05-17,2
5703,1274,206,2025-10-31,2
5704,1328,217,2025-09-26,1
5705,1297,213,2026-02-05,4
5706,1138,220,2026-05-31,4
5707,1264,218,2026-03-21,1
5708,1140,220,2025-10-04,1
5709,1058,204,2026-03-22,4
5710,1342,216,2026-04-12,5
5711,1319,204,2026-05-03,3
5712,1192,219,2026-02-19,4
5713,1425,220,2026-05-17,3
5714,1269,216,2025-11-23,5
5715,1009,208,2026-01-11,1
5716,1315,218,2025-06-26,3
5717,1246,209,2026-04-06,4
5718,1214,204,2026-05-20,1
5719,1331,204,2025-12-30,3
5720,1214,218,2026-05-03,1
5721,1066,213,2026-05-12,3
5722,1305,208,2026-04-14,2
5723,1085,202,2026-05-10,5
5724,1385,209,2026-02-11,4
5725,1183,206,2026-01-20,3
5726,1047,215,2026-04-27,2
5727,1415,208,2026-03-10,3
5728,1346,213,2025-12-02,4
5729,1383,203,2026-04-20,1
5730,1457,216,2025-09-30,4
5731,1221,216,2026-05-25,4
5732,1489,205,2026-01-12,2
5733,1380,218,2026-04-16,4
5734,1111,201,2025-09-13,1
5735,1165,204,2026-04-10,4
5736,1189,208,2025-12-22,5
5737,1027,219,2025-11-01,5
5738,1065,210,2025-07-27,4
5739,1397,214,2026-04-12,5
5740,1218,211,2026-06-04,2
5741,1335,201,2026-04-27,2
5742,1287,215,2026-05-21,5
5743,1437,203,2025-05-17,2
5744,1381,220,2024-10-03,2
5745,1170,209,2026-05-22,1
5746,1321,219,2026-05-30,2
5747,1074,212,2026-05-14,4
5748,1487,217,2026-05-17,1
5749,1166,208,2025-12-28,5
5750,1007,218,2025-03-12,1
5751,1287,219,2026-06-04,4
5752,1053,206,2026-03-25,1
5753,1201,212,2025-09-21,4
5754,1167,210,2026-05-25,3
5755,1461,210,2025-09-23,4
5756,1473,201,2025-09-24,1
5757,1160,202,2025-09-25,4
5758,1223,220,2024-11-23,2
5759,1394,201,2025-12-04,4
5760,1299,218,2025-01-22,2
5761,1393,204,2026-05-12,3
5762,1375,202,2026-04-30,1
5763,1293,208,2025-10-10,1
5764,1279,214,2025-12-15,3
5765,1074,211,2026-04-04,2
5766,1477,214,2026-05-15,3
5767,1402,217,2025-10-20,5
5768,1028,213,2026-05-31,1
5769,1454,220,2026-02-23,1
5770,1447,218,2025-09-05,2
5771,1388,202,2026-03-09,5
5772,1381,205,2025-09-26,2
5773,1361,217,2024-08-26,1
5774,1335,219,2026-04-07,4
5775,1075,220,2026-03-16,1
5776,1104,201,2025-11-21,2
5777,1389,217,2026-04-13,1
5778,1130,215,2026-06-04,4
5779,1007,220,2025-10-22,5
5780,1001,208,2026-05-28,2
5781,1272,211,2026-03-01,5
5782,1484,207,2026-05-31,2
5783,1389,208,2026-02-16,5
5784,1375,211,2026-06-03,3
5785,1488,214,2025-06-09,2
5786,1046,206,2026-05-16,1
5787,1119,203,2026-03-02,2
5788,1270,217,2026-01-22,1
5789,1084,203,2025-03-18,5
5790,1443,202,2025-06-27,4
5791,1235,207,2025-10-24,4
5792,1042,209,2025-08-28,5
5793,1058,219,2026-05-19,5
5794,1117,206,2026-04-02,4
5795,1090,211,2026-05-01,5
5796,1381,216,2025-03-17,3
5797,1306,205,2025-12-11,1
5798,1027,203,2026-05-16,2
5799,1215,205,2025-06-14,2
5800,1156,203,2025-05-09,1
5801,1287,206,2026-05-16,1
5802,1473,218,2025-06-20,3
5803,1345,214,2025-01-03,3
5804,1361,204,2024-12-21,3
5805,1381,216,2024-11-12,2
5806,1413,207,2024-07-24,4
5807,1248,207,2026-01-05,5
5808,1087,205,2025-07-09,2
5809,1022,219,2026-03-27,4
5810,1328,217,2025-05-11,1
5811,1482,210,2025-01-21,5
5812,1039,210,2026-02-18,2
5813,1244,210,2026-05-16,1
5814,1355,212,2026-04-02,3
5815,1488,210,2025-11-24,1
5816,1348,205,2026-03-26,4
5817,1305,209,2025-11-10,3
5818,1362,218,2026-03-18,4
5819,1282,220,2025-06-04,4
5820,1153,218,2025-08-25,4
5821,1494,216,2026-05-24,5
5822,1488,206,2026-04-05,2
5823,1201,209,2026-05-05,3
5824,1082,213,2025-07-08,5
5825,1286,219,2026-02-21,5
5826,1484,211,2026-05-28,2
5827,1048,212,2025-09-08,3
5828,1496,201,2024-09-24,2
5829,1359,202,2026-05-18,1
5830,1235,214,2025-12-10,3
5831,1390,208,2026-04-02,3
5832,1047,209,2026-05-22,3
5833,1122,208,2025-10-06,2
5834,1361,205,2024-12-28,3
5835,1194,204,2025-08-31,1
5836,1277,219,2025-11-16,2
5837,1392,210,2025-09-11,4
5838,1103,218,2025-12-09,3
5839,1389,220,2026-01-03,4
5840,1333,215,2026-04-18,2
5841,1137,212,2025-10-21,4
5842,1077,216,2025-12-08,1
5843,1118,209,2025-11-03,2
5844,1042,210,2025-12-10,5
5845,1454,216,2026-02-17,2
5846,1013,212,2026-03-10,4
5847,1344,211,2025-11-04,1
5848,1050,210,2026-06-03,3
5849,1360,211,2026-05-07,1
5850,1391,215,2026-05-31,5
5851,1143,219,2025-12-25,2
5852,1126,207,2026-05-11,3
5853,1430,211,2026-05-25,5
5854,1347,212,2025-02-17,5
5855,1282,206,2025-01-29,4
5856,1359,203,2026-05-27,2
5857,1003,215,2024-12-29,4
5858,1244,220,2026-05-15,4
5859,1086,217,2026-05-22,1
5860,1264,211,2026-04-18,5
5861,1213,215,2026-05-29,4
5862,1228,218,2025-07-14,1
5863,1285,217,2026-04-29,5
5864,1192,218,2026-04-13,1
5865,1435,213,2025-04-18,5
5866,1288,216,2025-12-27,4
5867,1438,206,2026-02-16,3
5868,1400,203,2026-05-05,3
5869,1213,216,2025-06-25,4
5870,1267,205,2026-04-05,2
5871,1123,218,2026-05-21,1
5872,1218,215,2026-06-04,4
5873,1437,216,2026-01-31,5
5874,1385,218,2025-09-23,3
5875,1249,207,2026-05-25,2
5876,1489,220,2025-07-02,1
5877,1013,213,2025-12-30,5
5878,1461,216,2025-10-25,5
5879,1462,211,2025-12-10,4
5880,1388,206,2026-04-22,1
5881,1404,204,2026-04-05,2
5882,1283,211,2025-08-05,3
5883,1164,207,2025-03-20,3
5884,1385,204,2026-02-21,5
5885,1446,215,2026-04-21,1
5886,1306,211,2026-04-25,4
5887,1145,209,2026-05-08,1
5888,1404,201,2026-04-12,5
5889,1490,214,2026-03-28,2
5890,1342,212,2025-10-29,1
5891,1451,201,2026-02-22,5
5892,1075,204,2025-07-05,2
5893,1382,207,2026-05-21,4
5894,1267,207,2026-05-12,2
5895,1447,209,2025-10-20,3
5896,1265,217,2025-08-05,5
5897,1251,214,2025-04-04,1
5898,1043,204,2025-09-17,5
5899,1247,219,2025-08-12,4
5900,1041,208,2025-10-19,3
5901,1058,212,2025-09-08,4
5902,1237,216,2025-12-31,2
5903,1360,215,2025-10-25,2
5904,1212,213,2026-05-18,1
5905,1313,206,2026-03-23,2
5906,1249,203,2026-05-31,5
5907,1484,202,2026-05-29,1
5908,1334,213,2025-09-07,3
5909,1160,204,2025-11-02,3
5910,1097,215,2025-05-18,4
5911,1073,215,2025-04-21,4
5912,1417,208,2025-02-20,4
5913,1337,208,2026-06-04,5
5914,1342,201,2025-09-22,4
5915,1204,215,2025-06-25,5
5916,1279,211,2025-10-05,3
5917,1167,211,2026-05-20,4
5918,1311,217,2025-03-22,4
5919,1340,213,2026-04-26,4
5920,1480,219,2025-12-07,5
5921,1442,201,2026-03-09,3
5922,1395,201,2025-11-20,2
5923,1051,215,2025-06-10,3
5924,1324,218,2026-01-09,3
5925,1455,216,2025-10-25,2
5926,1293,215,2026-02-10,5
5927,1218,213,2026-06-03,3
5928,1133,209,2025-10-11,4
5929,1130,202,2026-05-30,5
5930,1275,211,2026-05-11,2
5931,1008,210,2026-01-22,2
5932,1416,206,2026-05-16,3
5933,1182,205,2025-09-14,4
5934,1038,217,2026-05-27,3
5935,1012,204,2025-11-27,1
5936,1306,214,2026-06-04,1
5937,1300,214,2025-09-30,1
5938,1030,215,2024-07-28,2
5939,1472,207,2026-03-19,4
5940,1182,201,2026-05-22,2
5941,1236,219,2026-01-14,4
5942,1403,207,2025-07-11,1
5943,1282,207,2025-05-24,2
5944,1270,204,2026-01-14,3
5945,1082,213,2025-08-30,5
5946,1380,217,2026-05-15,1
5947,1469,204,2026-04-05,5
5948,1223,203,2024-12-21,3
5949,1361,211,2025-11-15,2
5950,1143,203,2025-10-14,4
5951,1212,218,2026-04-24,5
5952,1208,220,2025-06-27,1
5953,1279,214,2025-07-16,5
5954,1389,208,2025-09-11,4
5955,1427,213,2024-12-16,1
5956,1200,202,2025-06-27,5
5957,1050,204,2026-06-04,5
5958,1264,216,2026-04-14,3
5959,1109,205,2025-06-03,4
5960,1151,204,2025-04-19,4
5961,1040,202,2025-07-24,5
5962,1225,217,2025-05-01,1
5963,1493,216,2026-02-09,5
5964,1402,219,2025-12-28,4
5965,1061,219,2025-10-26,3
5966,1174,208,2025-12-22,5
5967,1139,217,2026-06-02,2
5968,1179,211,2025-06-13,1
5969,1256,215,2026-06-02,1
5970,1247,209,2025-09-06,4
5971,1492,213,2026-01-21,2
5972,1101,209,2026-04-06,4
5973,1095,214,2026-03-28,5
5974,1467,210,2025-04-07,3
5975,1491,211,2026-06-03,1
5976,1431,218,2026-04-25,3
5977,1002,220,2025-06-30,5
5978,1309,212,2025-11-14,3
5979,1084,207,2025-12-07,5
5980,1133,217,2025-09-20,1
5981,1416,213,2026-01-24,2
5982,1433,204,2026-04-11,3
5983,1376,202,2026-04-16,5
5984,1333,210,2026-05-04,2
5985,1321,201,2026-04-05,1
5986,1405,208,2025-06-22,2
5987,1073,205,2025-08-04,3
5988,1491,217,2026-05-14,1
5989,1101,220,2026-01-11,5
5990,1469,214,2026-01-05,3
5991,1159,209,2026-02-04,5
5992,1032,215,2025-05-01,3
5993,1044,209,2026-03-13,1
5994,1382,203,2025-11-20,3
5995,1264,215,2026-02-02,3
5996,1460,202,2026-02-27,5
5997,1450,204,2026-04-13,5
5998,1100,202,2025-12-10,5
5999,1173,208,2026-05-22,5
6000,1065,209,2025-12-10,5
6001,1439,214,2026-05-15,2
6002,1128,215,2025-07-21,3
6003,1117,219,2025-12-10,4
6004,1099,210,2025-04-20,5
6005,1029,218,2026-04-02,2
6006,1202,216,2026-06-02,1
6007,1078,201,2025-11-05,2
6008,1177,208,2026-01-23,1
6009,1021,211,2025-09-19,5
6010,1406,216,2026-06-02,2
6011,1022,212,2025-07-12,5
6012,1061,205,2025-11-14,5
6013,1388,206,2026-05-11,3
6014,1163,210,2026-04-04,3
6015,1217,211,2026-02-16,2
6016,1363,214,2025-04-25,5
6017,1471,204,2025-07-29,5
6018,1082,205,2025-12-26,1
6019,1143,218,2026-02-18,3
6020,1323,201,2026-04-17,5
6021,1223,216,2025-05-30,4
6022,1104,219,2025-07-04,4
6023,1235,209,2025-06-28,5
6024,1063,218,2026-05-07,4
6025,1214,218,2026-05-01,5
6026,1343,203,2025-12-17,5
6027,1474,220,2026-05-01,1
6028,1085,204,2026-01-14,5
6029,1459,210,2025-03-01,2
6030,1150,209,2026-05-25,3
6031,1203,214,2024-09-04,1
6032,1367,216,2026-02-15,3
6033,1354,209,2025-06-10,5
6034,1443,220,2025-06-16,5
6035,1293,216,2025-10-23,2
6036,1107,205,2026-05-31,2
6037,1352,206,2026-03-06,5
6038,1363,202,2026-02-04,5
6039,1073,218,2024-08-25,3
6040,1109,214,2025-09-30,5
6041,1246,212,2026-05-25,4
6042,1427,217,2024-12-30,1
6043,1438,210,2024-12-18,1
6044,1352,212,2025-12-29,2
6045,1203,206,2024-11-12,2
6046,1097,214,2025-12-20,4
6047,1086,214,2026-05-09,4
6048,1160,201,2026-02-21,1
6049,1172,201,2026-05-21,4
6050,1413,211,2025-10-03,4
6051,1061,205,2025-10-21,1
6052,1184,216,2026-05-13,3
6053,1090,215,2025-09-10,5
6054,1465,210,2026-05-12,4
6055,1217,220,2024-12-31,1
6056,1142,217,2026-05-06,1
6057,1023,220,2025-10-29,4
6058,1246,220,2026-03-28,5
6059,1127,206,2026-01-06,1
6060,1004,206,2025-09-15,5
6061,1029,216,2025-09-06,4
6062,1418,206,2025-08-16,5
6063,1075,216,2026-05-28,3
6064,1062,218,2026-03-13,2
6065,1370,220,2026-06-02,3
6066,1423,201,2025-10-29,2
6067,1400,218,2026-04-25,3
6068,1176,207,2026-01-08,3
6069,1484,215,2026-06-03,4
6070,1071,220,2025-09-23,5
6071,1250,212,2026-03-11,4
6072,1457,214,2026-02-18,3
6073,1439,203,2026-05-27,1
6074,1139,220,2026-01-31,2
6075,1207,205,2025-10-17,2
6076,1044,216,2026-01-05,3
6077,1492,201,2026-05-22,3
6078,1152,211,2026-01-15,5
6079,1165,205,2026-04-28,1
6080,1358,204,2025-07-29,2
6081,1339,212,2026-02-13,2
6082,1305,220,2025-12-24,1
6083,1237,220,2026-01-08,2
6084,1116,207,2026-06-03,3
6085,1018,219,2026-04-08,4
6086,1244,217,2026-06-04,1
6087,1011,205,2026-05-22,2
6088,1118,205,2025-01-18,1
6089,1277,202,2026-03-14,5
6090,1284,217,2026-02-15,2
6091,1014,202,2025-08-03,3
6092,1389,205,2026-01-11,2
6093,1046,212,2026-04-21,1
6094,1046,205,2026-05-30,4
6095,1268,210,2026-04-25,5
6096,1269,204,2026-04-06,5
6097,1266,204,2026-05-24,4
6098,1163,204,2026-04-16,3
6099,1356,206,2026-02-02,5
6100,1457,205,2025-07-14,4
6101,1131,218,2025-01-17,1
6102,1445,220,2026-02-26,2
6103,1140,210,2025-12-27,1
6104,1183,219,2025-12-06,5
6105,1448,219,2026-03-05,5
6106,1292,202,2026-03-29,4
6107,1262,209,2025-08-24,2
6108,1115,209,2026-04-03,2
6109,1025,207,2025-11-26,2
6110,1455,215,2025-09-11,5
6111,1216,219,2025-04-10,1
6112,1107,203,2026-03-15,1
6113,1189,218,2025-05-16,1
6114,1465,206,2026-05-26,1
6115,1252,204,2026-01-01,4
6116,1122,202,2026-01-01,4
6117,1269,214,2025-09-28,1
6118,1342,218,2025-10-23,2
6119,1468,220,2025-05-06,5
6120,1306,211,2026-05-31,2
6121,1341,215,2025-12-12,5
6122,1414,212,2025-05-05,4
6123,1359,205,2026-05-23,5
6124,1480,207,2025-10-19,3
6125,1242,204,2025-12-13,4
6126,1190,205,2024-10-19,4
6127,1476,210,2025-05-30,3
6128,1223,202,2025-07-03,2
6129,1219,207,2025-11-04,4
6130,1196,218,2025-07-01,5
6131,1327,220,2024-10-28,4
6132,1019,220,2025-07-08,5
6133,1198,207,2026-02-16,2
6134,1265,202,2026-03-16,3
6135,1081,201,2026-05-01,4
6136,1469,209,2026-05-30,3
6137,1189,201,2025-05-11,4
6138,1338,207,2026-01-11,4
6139,1003,205,2024-10-28,1
6140,1058,216,2025-08-24,3
6141,1321,205,2026-06-03,2
6142,1363,219,2025-05-02,2
6143,1130,203,2026-06-03,5
6144,1395,201,2026-05-27,1
6145,1433,203,2026-04-23,2
6146,1444,210,2026-05-22,4
6147,1030,210,2025-07-17,4
6148,1316,210,2026-03-09,5
6149,1498,203,2025-11-12,1
6150,1275,216,2026-01-25,3
6151,1481,217,2026-05-27,5
6152,1378,206,2026-03-31,3
6153,1427,219,2025-05-05,1
6154,1232,214,2026-05-13,2
6155,1273,206,2025-08-23,5
6156,1334,202,2025-10-16,5
6157,1257,201,2025-07-29,4
6158,1093,204,2025-04-04,5
6159,1396,220,2026-04-20,4
6160,1223,220,2026-05-29,5
6161,1462,210,2026-04-30,2
6162,1224,204,2024-12-29,1
6163,1435,212,2024-11-28,5
6164,1034,208,2026-04-29,1
6165,1416,208,2026-04-05,4
6166,1424,208,2026-05-23,1
6167,1228,202,2025-08-19,5
6168,1414,212,2025-05-29,5
6169,1287,211,2026-06-03,1
6170,1446,217,2025-01-28,4
6171,1441,209,2025-05-11,3
6172,1292,220,2025-07-04,3
6173,1131,201,2025-11-20,5
6174,1200,217,2025-07-27,3
6175,1440,204,2025-09-08,2
6176,1112,220,2026-02-03,2
6177,1031,207,2026-02-05,3
6178,1314,207,2026-06-03,3
6179,1150,213,2026-05-20,1
6180,1376,211,2026-05-01,4
6181,1476,202,2026-03-22,4
6182,1118,203,2025-04-04,1
6183,1480,218,2026-06-01,3
6184,1448,211,2026-02-24,2
6185,1267,202,2026-03-04,1
6186,1216,214,2025-06-05,1
6187,1030,213,2025-03-05,3
6188,1054,216,2025-07-23,1
6189,1468,209,2025-07-08,1
6190,1359,208,2026-02-27,5
6191,1089,209,2026-05-23,4
6192,1320,208,2026-05-07,4
6193,1414,206,2025-06-03,5
6194,1401,207,2026-04-30,4
6195,1270,211,2026-03-27,2
6196,1257,216,2026-04-07,4
6197,1080,209,2026-02-12,3
6198,1102,211,2024-09-05,2
6199,1039,201,2026-04-01,5
6200,1081,212,2025-12-26,4
6201,1013,212,2025-10-31,2
6202,1077,203,2025-07-15,4
6203,1463,205,2025-09-03,3
6204,1078,202,2025-10-26,2
6205,1245,217,2026-04-25,5
6206,1471,207,2025-12-16,3
6207,1453,214,2026-01-06,2
6208,1157,215,2025-10-09,2
6209,1184,206,2026-05-18,3
6210,1349,218,2025-06-08,5
6211,1432,214,2026-04-25,5
6212,1401,207,2026-01-07,2
6213,1249,206,2026-06-01,5
6214,1318,211,2026-04-22,5
6215,1322,215,2026-02-23,5
6216,1008,218,2026-02-27,2
6217,1295,213,2025-11-21,5
6218,1386,219,2025-09-26,3
6219,1082,209,2026-02-06,1
6220,1436,205,2026-05-31,4
6221,1336,205,2025-07-12,3
6222,1058,212,2025-10-07,4
6223,1010,211,2025-09-20,2
6224,1491,205,2026-05-14,3
6225,1482,203,2025-08-12,1
6226,1414,208,2026-01-02,5
6227,1262,207,2026-05-17,2
6228,1471,218,2026-01-15,3
6229,1305,204,2024-11-30,5
6230,1172,215,2026-05-24,3
6231,1034,211,2026-03-23,4
6232,1485,205,2026-05-13,4
6233,1300,219,2025-04-28,3
6234,1179,214,2026-04-07,5
6235,1165,206,2026-05-26,4
6236,1102,203,2026-01-02,1
6237,1482,201,2025-03-10,2
6238,1425,213,2026-05-24,3
6239,1130,220,2026-06-02,4
6240,1187,216,2026-05-27,3
6241,1414,215,2025-08-09,1
6242,1395,219,2026-03-16,1
6243,1158,209,2025-02-22,1
6244,1033,201,2026-01-21,5
6245,1425,219,2026-05-28,5
6246,1102,220,2025-06-01,4
6247,1232,213,2025-10-08,2
6248,1274,214,2026-01-18,1
6249,1156,217,2025-09-28,1
6250,1016,201,2026-05-14,2
6251,1488,202,2025-07-17,5
6252,1118,215,2025-11-28,3
6253,1421,217,2025-03-16,4
6254,1457,217,2025-11-23,3
6255,1050,220,2026-06-04,1
6256,1413,220,2025-06-29,5
6257,1150,208,2026-05-15,3
6258,1484,217,2026-05-28,3
6259,1352,212,2026-05-05,5
6260,1030,206,2025-08-27,1
6261,1300,210,2024-08-21,3
6262,1378,214,2026-04-27,5
6263,1385,220,2025-09-18,1
6264,1391,201,2026-05-27,4
6265,1479,217,2026-04-29,5
6266,1373,205,2026-03-09,2
6267,1056,213,2025-06-19,3
6268,1103,209,2025-09-11,1
6269,1354,220,2026-03-20,5
6270,1470,202,2026-01-26,1
6271,1350,220,2025-10-09,4
6272,1271,206,2025-06-23,4
6273,1377,218,2025-06-27,5
6274,1280,213,2025-07-18,1
6275,1236,218,2026-05-11,4
6276,1252,205,2026-01-31,1
6277,1194,201,2026-03-29,1
6278,1435,214,2025-02-04,2
6279,1405,205,2025-07-05,4
6280,1464,210,2026-04-02,4
6281,1056,205,2025-05-07,1
6282,1119,212,2026-04-03,2
6283,1096,215,2026-01-13,3
6284,1085,211,2026-02-26,3
6285,1383,204,2026-05-08,4
6286,1010,203,2025-11-05,5
6287,1446,204,2025-09-24,2
6288,1217,209,2025-01-21,4
6289,1333,208,2026-05-23,1
6290,1223,220,2025-08-16,4
6291,1483,215,2026-05-03,2
6292,1323,205,2026-05-13,3
6293,1456,214,2026-02-18,1
6294,1029,203,2024-10-08,3
6295,1422,212,2026-05-01,5
6296,1463,214,2025-09-22,1
6297,1326,213,2025-08-03,5
6298,1268,201,2026-04-08,3
6299,1293,205,2026-04-27,4
6300,1212,214,2026-04-21,5
6301,1464,213,2026-04-07,4
6302,1144,210,2025-11-05,3
6303,1334,206,2025-08-18,3
6304,1311,208,2025-08-16,3
6305,1492,220,2026-01-07,1
6306,1161,217,2025-01-12,4
6307,1486,217,2026-04-28,2
6308,1102,215,2025-03-10,5
6309,1038,201,2026-04-03,2
6310,1382,201,2025-11-25,5
6311,1447,213,2025-09-28,3
6312,1430,206,2026-05-18,1
6313,1429,212,2025-10-18,3
6314,1373,219,2026-01-24,3
6315,1121,217,2025-04-03,2
6316,1385,214,2025-11-06,4
6317,1375,208,2026-06-04,5
6318,1252,206,2025-02-06,1
6319,1034,211,2025-11-09,2
6320,1153,220,2025-09-25,5
6321,1094,205,2026-05-25,1
6322,1033,218,2026-02-21,4
6323,1470,217,2026-02-20,3
6324,1134,213,2025-12-04,1
6325,1165,212,2026-04-22,3
6326,1487,215,2026-01-10,2
6327,1187,212,2026-03-28,4
6328,1349,202,2026-03-02,3
6329,1283,217,2026-02-21,2
6330,1252,212,2026-05-27,5
6331,1205,206,2025-12-17,1
6332,1301,217,2026-01-15,2
6333,1462,205,2026-05-14,3
6334,1198,203,2026-03-20,4
6335,1024,219,2026-05-13,3
6336,1373,201,2026-05-12,2
6337,1044,202,2026-04-18,1
6338,1129,205,2026-05-17,2
6339,1355,211,2026-05-28,1
6340,1259,211,2024-12-20,5
6341,1487,213,2025-04-08,5
6342,1186,218,2026-03-09,2
6343,1216,209,2025-12-16,1
6344,1106,215,2026-04-10,4
6345,1213,202,2025-08-23,1
6346,1497,217,2025-01-01,4
6347,1331,214,2025-09-10,5
6348,1483,219,2026-05-26,1
6349,1300,204,2025-08-09,4
6350,1026,205,2024-12-22,1
6351,1347,210,2024-10-06,2
6352,1112,216,2026-02-12,2
6353,1258,214,2026-03-12,2
6354,1267,206,2026-05-23,2
6355,1317,211,2025-11-06,5
6356,1310,216,2026-04-19,5
6357,1240,207,2026-05-03,1
6358,1447,211,2026-03-18,3
6359,1495,206,2026-03-29,1
6360,1319,209,2025-12-18,4
6361,1400,212,2026-03-08,5
6362,1063,214,2026-05-30,1
6363,1263,201,2026-05-22,2
6364,1214,207,2026-05-29,3
6365,1264,202,2026-06-01,2
6366,1208,213,2026-03-12,5
6367,1189,209,2025-06-21,1
6368,1408,218,2025-12-17,4
6369,1219,203,2025-06-12,1
6370,1397,210,2026-04-15,3
6371,1010,210,2025-10-27,5
6372,1319,201,2025-12-10,2
6373,1286,204,2026-02-17,1
6374,1058,206,2025-10-06,2
6375,1007,219,2025-11-29,4
6376,1450,220,2026-02-16,2
6377,1286,202,2025-07-18,2
6378,1071,208,2026-05-31,1
6379,1310,212,2026-03-21,5
6380,1188,213,2026-03-07,5
6381,1187,216,2026-03-24,3
6382,1147,205,2026-04-09,4
6383,1351,217,2026-05-01,4
6384,1379,209,2026-02-02,1
6385,1357,203,2024-11-30,2
6386,1415,205,2025-10-15,5
6387,1165,214,2026-04-12,4
6388,1349,210,2025-11-03,3
6389,1383,202,2026-04-01,1
6390,1128,204,2026-05-15,1
6391,1063,217,2025-10-05,4
6392,1392,209,2026-05-21,4
6393,1141,211,2026-02-13,4
6394,1207,210,2026-03-29,4
6395,1250,217,2026-03-08,3
6396,1098,205,2025-12-13,3
6397,1103,206,2026-05-16,1
6398,1343,215,2025-12-07,1
6399,1300,220,2026-04-29,3
6400,1351,204,2026-05-01,3
6401,1283,217,2025-07-18,3
6402,1435,213,2024-10-08,1
6403,1336,214,2025-12-13,3
6404,1251,213,2026-02-22,4
6405,1179,201,2025-06-10,2
6406,1466,211,2026-04-03,4
6407,1274,213,2026-05-14,3
6408,1122,216,2026-05-03,4
6409,1453,206,2026-02-21,1
6410,1482,207,2026-01-09,2
6411,1089,214,2025-08-27,2
6412,1096,217,2025-09-29,1
6413,1377,209,2025-07-20,1
6414,1097,216,2025-10-30,1
6415,1465,208,2026-04-25,3
6416,1253,214,2026-03-27,3
6417,1299,207,2024-06-23,1
6418,1333,209,2026-05-14,2
6419,1149,204,2025-10-02,1
6420,1324,218,2026-05-30,4
6421,1103,201,2025-12-05,5
6422,1394,210,2025-09-24,4
6423,1152,202,2026-05-16,2
6424,1200,201,2026-03-21,5
6425,1127,214,2026-02-14,3
6426,1185,220,2026-04-23,1
6427,1256,214,2026-03-14,4
6428,1417,204,2025-07-01,2
6429,1441,211,2025-06-30,4
6430,1220,205,2026-02-24,5
6431,1014,209,2026-04-30,5
6432,1378,209,2026-04-10,1
6433,1031,203,2026-05-18,1
6434,1083,208,2025-12-31,3
6435,1384,214,2025-05-10,4
6436,1234,209,2026-01-23,3
6437,1438,207,2025-07-05,2
6438,1259,201,2026-01-23,5
6439,1344,215,2025-11-07,1
6440,1294,207,2025-03-21,4
6441,1257,212,2025-12-10,1
6442,1425,209,2026-05-28,2
6443,1133,217,2026-04-09,5
6444,1479,203,2026-02-07,1
6445,1094,209,2025-12-13,3
6446,1484,205,2026-06-02,2
6447,1485,205,2025-05-07,4
6448,1465,217,2026-05-08,2
6449,1452,213,2025-07-11,4
6450,1352,220,2025-12-04,1
6451,1144,207,2026-04-17,2
6452,1351,218,2026-05-24,2
6453,1365,216,2026-03-25,4
6454,1463,202,2026-02-27,1
6455,1379,210,2026-04-22,5
6456,1354,208,2025-04-10,1
6457,1180,204,2026-04-14,2
6458,1034,210,2025-11-25,1
6459,1494,202,2026-05-17,4
6460,1016,206,2026-05-07,4
6461,1173,205,2026-05-09,1
6462,1128,214,2024-11-29,1
6463,1491,215,2026-04-04,2
6464,1178,205,2026-03-08,3
6465,1071,217,2025-03-20,2
6466,1253,215,2026-05-26,3
6467,1223,212,2026-03-19,2
6468,1411,206,2025-06-16,1
6469,1223,210,2025-10-15,3
6470,1273,205,2025-08-07,1
6471,1071,213,2026-04-05,2
6472,1431,201,2026-04-25,3
6473,1472,214,2024-12-16,4
6474,1291,217,2026-04-09,1
6475,1483,208,2026-04-22,3
6476,1039,205,2026-05-27,3
6477,1074,212,2026-05-16,2
6478,1048,217,2026-01-10,3
6479,1402,211,2025-09-21,2
6480,1297,205,2025-12-21,1
6481,1124,217,2026-02-10,5
6482,1209,217,2026-03-14,5
6483,1132,205,2026-01-18,4
6484,1335,217,2026-04-19,4
6485,1048,220,2026-03-30,4
6486,1424,206,2025-11-27,5
6487,1288,210,2025-12-26,3
6488,1375,201,2026-04-05,1
6489,1340,216,2026-05-09,5
6490,1174,219,2026-02-10,5
6491,1411,214,2026-02-03,3
6492,1174,220,2026-03-07,1
6493,1071,214,2025-04-21,4
6494,1121,208,2025-08-20,5
6495,1311,220,2026-02-03,3
6496,1437,209,2026-04-20,5
6497,1272,217,2025-12-20,1
6498,1470,207,2026-03-31,2
6499,1254,207,2026-05-16,5
6500,1379,218,2025-12-20,4
